{"cameraMode":{"drawMode":0,"name":"Shaded","section":"Shading Mode"},"sceneLighting":true,"audioPlay":false,"sceneViewState":{"m_AlwaysRefresh":false,"showFog":true,"showSkybox":true,"showFlares":true,"showImageEffects":true,"showParticleSystems":true,"showVisualEffectGraphs":true,"m_FxEnabled":true},"in2DMode":false,"pivot":{"x":-2.5378098487854006,"y":56.793331146240237,"z":6.868729114532471},"rotation":{"x":-0.23534530401229859,"y":-0.20206011831760407,"z":0.05009105056524277,"w":-0.9493607878684998},"size":6.266026496887207,"orthographic":false}