{"cameraMode":{"drawMode":0,"name":"Shaded","section":"Shading Mode"},"sceneLighting":true,"audioPlay":false,"sceneViewState":{"m_AlwaysRefresh":false,"showFog":true,"showSkybox":true,"showFlares":true,"showImageEffects":true,"showParticleSystems":true,"showVisualEffectGraphs":true,"m_FxEnabled":true},"in2DMode":false,"pivot":{"x":1.3036394119262696,"y":53.476158142089847,"z":0.4632377624511719},"rotation":{"x":0.028922252357006074,"y":-0.10983249545097351,"z":0.003180899890139699,"w":0.9935439229011536},"size":6.706105709075928,"orthographic":true}